{
    "flight_parameters": {
        "area": 7.065,
        "H": 40000,
        "MV": [30],
        "AV": [0, 0.034904, 0.08726, 0.17452, 0.34904, 0.52356, 0.78534, 1.04712]
    },
    "vehicle_data": {
        "area": 7.065,
        "vehicle_name": "BICONIC_mod_2"
    }    
}